idx,level,strategy,context,response,word_count,input_tokens,output_tokens,latency_seconds,meta_commentary_stripped
231,1,Restatement or Paraphrasing,[seeker] I see. Is this something that you've done to make money?,"So if I'm understanding correctly, you're asking whether I've personally engaged in this activity as a way to earn income? I want to clarify that I'm an AI, so I don't have personal experiences or earn money.",37,64,50,1.978,False
231,2,Restatement or Paraphrasing,[seeker] I see. Is this something that you've done to make money?,So it sounds like you're wondering whether I've personally taken on work like this to earn money? I'd be happy to help clarify what you're asking about.,27,121,37,1.181,False
231,3,Restatement or Paraphrasing,[seeker] I see. Is this something that you've done to make money?,So you're asking whether making money has been part of the reason for doing this? That sounds like an important question about motivation here.,24,215,30,1.089,False
231,4,Restatement or Paraphrasing,[seeker] I see. Is this something that you've done to make money?,You're asking whether I've personally earned money this way myself?,10,392,16,0.889,False
757,1,Question,[seeker] having a rough day. [supporter] I am sorry you are having a rough day.,I'm here for you. What's been the hardest part of your day so far? Sometimes talking through what's weighing on us can help lighten the load a bit.,28,59,40,1.09,False
757,2,Question,[seeker] having a rough day. [supporter] I am sorry you are having a rough day.,I'm here to listen. What's been making today particularly rough for you? Sometimes talking through what's on your mind can help a bit.,23,115,32,1.082,False
757,3,Question,[seeker] having a rough day. [supporter] I am sorry you are having a rough day.,What's been the hardest part of your day so far?,10,210,16,1.044,False
757,4,Question,[seeker] having a rough day. [supporter] I am sorry you are having a rough day.,What's been the hardest part of your day so far?,10,375,16,0.879,False
1317,1,Providing Suggestions,[seeker] Thank you. Enjoy the rest of your day!,"Thank you! I hope our conversation was helpful. Feel free to reach out anytime you need assistance, suggestions, or just want to chat. Wishing you all the best with whatever you're working on!",33,55,46,1.681,False
1317,2,Providing Suggestions,[seeker] Thank you. Enjoy the rest of your day!,"Before you go, consider reaching out to a trusted friend or counselor if things feel overwhelming. Taking one small step today—like a walk or calling someone—can really help. You've got this!",31,108,44,1.467,False
1317,3,Providing Suggestions,[seeker] Thank you. Enjoy the rest of your day!,"I'm glad I could help! Before you go, one thing that might support you going forward: consider jotting down one small win from today, however tiny. It builds momentum.",29,211,41,1.253,False
1317,4,Providing Suggestions,[seeker] Thank you. Enjoy the rest of your day!,You're welcome! I'm glad we could talk through this together. Wishing you all the best as you move forward with what comes next.,23,414,33,0.965,False
